MB,delay,tcp_size,parallel_buffer,N,run,seconds
10240,0,big,4,3,1,9.32441711426
10240,0,big,10,3,1,9.77747607231
10240,0,big,25,3,1,9.78286409378
10240,0,big,50,3,1,10.1043069363
10240,0,big,75,3,1,10.2875261307
10240,0,big,100,3,1,9.95471596718
10240,0,big,200,3,1,10.0298109055
10240,0,big,400,3,1,9.95667695999
10240,50,big,4,3,1,29.7524728775
10240,50,big,10,3,1,15.8130941391
10240,50,big,25,3,1,16.3683888912
10240,50,big,50,3,1,13.894698143
10240,50,big,75,3,1,13.9125139713
10240,50,big,100,3,1,14.2303509712
10240,50,big,200,3,1,13.9120628834
10240,50,big,400,3,1,14.6791558266
10240,100,big,4,3,1,22.7360451221
10240,100,big,10,3,1,23.1313891411
10240,100,big,25,3,1,23.700881958
10240,100,big,50,3,1,24.89189291
10240,100,big,75,3,1,23.7865729332
10240,100,big,100,3,1,23.6887660027
10240,100,big,200,3,1,24.0007719994
10240,100,big,400,3,1,24.4829599857
10240,500,big,4,3,1,329.362991095
10240,500,big,10,3,1,344.465777159
10240,500,big,25,3,1,367.667845964
10240,500,big,50,3,1,305.981601
10240,500,big,75,3,1,334.598631144
10240,500,big,100,3,1,326.870654106
10240,500,big,200,3,1,319.477245092
10240,500,big,400,3,1,346.816796064
10240,10,big,4,3,1,10.3241620064
10240,10,big,10,3,1,9.56798315048
10240,10,big,25,3,1,9.72082996368
10240,10,big,50,3,1,9.57800602913
10240,10,big,75,3,1,9.7210111618
10240,10,big,100,3,1,9.64755105972
10240,10,big,200,3,1,9.61523485184
10240,10,big,400,3,1,9.54536581039
10240,20,big,4,3,1,9.74845504761
10240,20,big,10,3,1,9.85713601112
10240,20,big,25,3,1,9.97601699829
10240,20,big,50,3,1,9.89021015167
10240,20,big,75,3,1,13.5893318653
10240,20,big,100,3,1,10.108137846
10240,20,big,200,3,1,9.91507005692
10240,20,big,400,3,1,9.94914007187
10240,30,big,4,3,1,10.148047924
10240,30,big,10,3,1,10.3624210358
10240,30,big,25,3,1,10.6231019497
10240,30,big,50,3,1,11.0787730217
10240,30,big,75,3,1,13.1680519581
10240,30,big,100,3,1,10.8331899643
10240,30,big,200,3,1,10.4902918339
10240,30,big,400,3,1,10.9305069447
10240,40,big,4,3,1,11.3442561626
10240,40,big,10,3,1,11.781042099
10240,40,big,25,3,1,12.1288969517
10240,40,big,50,3,1,12.2198090553
10240,40,big,75,3,1,12.6106350422
10240,40,big,100,3,1,12.2684698105
10240,40,big,200,3,1,12.2460839748
10240,40,big,400,3,1,12.1274700165
10240,60,big,4,3,1,18.3120830059
10240,60,big,10,3,1,14.4930281639
10240,60,big,25,3,1,15.6676199436
10240,60,big,50,3,1,15.8406808376
10240,60,big,75,3,1,15.7706210613
10240,60,big,100,3,1,15.7654078007
10240,60,big,200,3,1,16.0264201164
10240,60,big,400,3,1,15.5915651321
10240,70,big,4,3,1,20.8432750702
10240,70,big,10,3,1,21.3875031471
10240,70,big,25,3,1,17.219203949
10240,70,big,50,3,1,17.3869290352
10240,70,big,75,3,1,17.2291209698
10240,70,big,100,3,1,17.6344270706
10240,70,big,200,3,1,17.608397007
10240,70,big,400,3,1,18.2791919708
10240,80,big,4,3,1,18.4651789665
10240,80,big,10,3,1,18.8486218452
10240,80,big,25,3,1,19.4862527847
10240,80,big,50,3,1,19.2685651779
10240,80,big,75,3,1,20.0330550671
10240,80,big,100,3,1,20.087528944
10240,80,big,200,3,1,19.5144519806
10240,80,big,400,3,1,19.6881971359
10240,90,big,4,3,1,31.994107008
10240,90,big,10,3,1,20.7013628483
10240,90,big,25,3,1,21.4061927795
10240,90,big,50,3,1,21.3493828773
10240,90,big,75,3,1,22.4924960136
10240,90,big,100,3,1,21.8713049889
10240,90,big,200,3,1,21.8264989853
10240,90,big,400,3,1,21.888931036
10240,200,big,4,3,1,55.7358708382
10240,200,big,10,3,1,43.2899439335
10240,200,big,25,3,1,43.3912479877
10240,200,big,50,3,1,44.3184728622
10240,200,big,75,3,1,44.4986581802
10240,200,big,100,3,1,44.7597279549
10240,200,big,200,3,1,44.3399198055
10240,200,big,400,3,1,43.6374399662
10240,300,big,4,3,1,64.0649228096
10240,300,big,10,3,1,63.7489709854
10240,300,big,25,3,1,65.3775560856
10240,300,big,50,3,1,69.4107270241
10240,300,big,75,3,1,64.7412199974
10240,300,big,100,3,1,65.4081289768
10240,300,big,200,3,1,65.5269091129
10240,300,big,400,3,1,65.4304890633
10240,400,big,4,3,1,163.686738968
10240,400,big,10,3,1,150.192634106
10240,400,big,25,3,1,158.853204012
10240,400,big,50,3,1,131.661383152
10240,400,big,75,3,1,148.024549007
10240,400,big,100,3,1,130.851658821
10240,400,big,200,3,1,157.708607197
10240,400,big,400,3,1,146.862674952
10240,0,big,4,3,1,9.3306119442
10240,0,big,4,3,2,9.61140394211
10240,0,big,4,3,3,9.37146878242
10240,0,big,4,3,4,9.3576669693
10240,0,big,4,3,5,9.37950992584
10240,0,big,4,3,6,9.33323812485
10240,0,big,4,3,7,9.35633301735
10240,0,big,4,3,8,9.34021306038
10240,0,big,4,3,9,9.32500100136
10240,0,big,10,3,1,9.54529500008
10240,0,big,10,3,2,9.41158914566
10240,0,big,10,3,3,9.41143202782
10240,0,big,10,3,4,9.35189509392
10240,0,big,10,3,5,9.34199905396
10240,0,big,10,3,6,9.36893296242
10240,0,big,10,3,7,9.54399704933
10240,0,big,10,3,8,9.33995699883
10240,0,big,10,3,9,9.34358811378
10240,0,big,25,3,1,9.59109306335
10240,0,big,25,3,2,9.5976319313
10240,0,big,25,3,3,9.75626206398
10240,0,big,25,3,4,9.59948992729
10240,0,big,25,3,5,9.52393603325
10240,0,big,25,3,6,9.9583439827
10240,0,big,25,3,7,9.43953084946
10240,0,big,25,3,8,9.75843691826
10240,0,big,25,3,9,9.82537913322
10240,0,big,50,3,1,9.83199000359
10240,0,big,50,3,2,9.85278987885
10240,0,big,50,3,3,10.5299289227
10240,0,big,50,3,4,9.91207814217
10240,0,big,50,3,5,9.93180894852
10240,0,big,50,3,6,9.45538806915
10240,0,big,50,3,7,9.78566002846
10240,0,big,50,3,8,9.71040487289
10240,0,big,50,3,9,9.91697001457
10240,0,big,75,3,1,10.0789191723
10240,0,big,75,3,2,9.97020506859
10240,0,big,75,3,3,9.85291814804
10240,0,big,75,3,4,9.98977303505
10240,0,big,75,3,5,9.98181414604
10240,0,big,75,3,6,9.88670492172
10240,0,big,75,3,7,10.0773870945
10240,0,big,75,3,8,9.63950610161
10240,0,big,75,3,9,10.6208148003
10240,0,big,100,3,1,9.96795010567
10240,0,big,100,3,2,10.5822861195
10240,0,big,100,3,3,10.3956210613
10240,0,big,100,3,4,10.1090779305
10240,0,big,100,3,5,9.88014507294
10240,0,big,100,3,6,10.1151528358
10240,0,big,100,3,7,10.0062429905
10240,0,big,100,3,8,9.70501995087
10240,0,big,100,3,9,10.4217340946
10240,0,big,200,3,1,10.028044939
10240,0,big,200,3,2,10.0866701603
10240,0,big,200,3,3,10.0213549137
10240,0,big,200,3,4,9.88850021362
10240,0,big,200,3,5,9.8315410614
10240,0,big,200,3,6,10.0946938992
10240,0,big,200,3,7,9.95903396606
10240,0,big,200,3,8,9.91408205032
10240,0,big,200,3,9,10.193158865
10240,0,big,400,3,1,10.1205430031
10240,0,big,400,3,2,10.1669800282
10240,0,big,400,3,3,10.8100619316
10240,0,big,400,3,4,10.228618145
10240,0,big,400,3,5,10.0509769917
10240,0,big,400,3,6,9.79329800606
10240,0,big,400,3,7,10.5689878464
10240,0,big,400,3,8,9.98429012299
10240,0,big,400,3,9,9.80841517448
10240,10,big,4,3,1,9.52848291397
10240,10,big,4,3,2,9.72573709488
10240,10,big,4,3,3,9.53431415558
10240,10,big,4,3,4,9.49892807007
10240,10,big,4,3,5,9.60994315147
10240,10,big,4,3,6,9.53354287148
10240,10,big,4,3,7,9.58999300003
10240,10,big,4,3,8,9.50686788559
10240,10,big,4,3,9,9.62742090225
10240,10,big,10,3,1,9.55238699913
10240,10,big,10,3,2,12.7888379097
10240,10,big,10,3,3,9.57753682137
10240,10,big,10,3,4,9.57893204689
10240,10,big,10,3,5,9.51359605789
10240,10,big,10,3,6,9.574832201
10240,10,big,10,3,7,9.55378222466
10240,10,big,10,3,8,9.55987405777
10240,10,big,10,3,9,9.53465390205
10240,10,big,25,3,1,9.70633387566
10240,10,big,25,3,2,9.79233908653
10240,10,big,25,3,3,9.52958703041
10240,10,big,25,3,4,9.52290391922
10240,10,big,25,3,5,9.66782283783
10240,10,big,25,3,6,11.5473189354
10240,10,big,25,3,7,9.54423594475
10240,10,big,25,3,8,9.82241106033
10240,10,big,25,3,9,10.7191090584
10240,10,big,50,3,1,9.65482497215
10240,10,big,50,3,2,9.57838201523
10240,10,big,50,3,3,9.63365483284
10240,10,big,50,3,4,9.55987691879
10240,10,big,50,3,5,9.54537081718
10240,10,big,50,3,6,11.0039191246
10240,10,big,50,3,7,9.7069299221
10240,10,big,50,3,8,9.57464599609
10240,10,big,50,3,9,9.60812401772
10240,10,big,75,3,1,9.60894417763
10240,10,big,75,3,2,9.64999699593
10240,10,big,75,3,3,9.61388421059
10240,10,big,75,3,4,9.55739092827
10240,10,big,75,3,5,9.59100103378
10240,10,big,75,3,6,9.62521982193
10240,10,big,75,3,7,9.73411798477
10240,10,big,75,3,8,9.59211301804
10240,10,big,75,3,9,10.2576761246
10240,10,big,100,3,1,9.54473400116
10240,10,big,100,3,2,9.72824406624
10240,10,big,100,3,3,10.2363119125
10240,10,big,100,3,4,9.60130405426
10240,10,big,100,3,5,9.55675005913
10240,10,big,100,3,6,9.76937484741
10240,10,big,100,3,7,9.58534908295
10240,10,big,100,3,8,9.57720518112
10240,10,big,100,3,9,9.53678917885
10240,10,big,200,3,1,9.55917000771
10240,10,big,200,3,2,9.56060886383
10240,10,big,200,3,3,9.6469950676
10240,10,big,200,3,4,9.5429661274
10240,10,big,200,3,5,9.56397509575
10240,10,big,200,3,6,9.83904790878
10240,10,big,200,3,7,9.53960680962
10240,10,big,200,3,8,9.57290697098
10240,10,big,200,3,9,9.62670707703
10240,10,big,400,3,1,9.56692814827
10240,10,big,400,3,2,9.77864289284
10240,10,big,400,3,3,9.53986907005
10240,10,big,400,3,4,9.58710885048
10240,10,big,400,3,5,9.56510901451
10240,10,big,400,3,6,9.62387681007
10240,10,big,400,3,7,9.60734319687
10240,10,big,400,3,8,9.55705094337
10240,10,big,400,3,9,9.59068799019
10240,20,big,4,3,1,9.79078602791
10240,20,big,4,3,2,9.83464288712
10240,20,big,4,3,3,9.84082889557
10240,20,big,4,3,4,9.79212594032
10240,20,big,4,3,5,9.82463502884
10240,20,big,4,3,6,9.93591809273
10240,20,big,4,3,7,9.7733938694
10240,20,big,4,3,8,10.2942910194
10240,20,big,4,3,9,9.77597880363
10240,20,big,10,3,1,9.76218914986
10240,20,big,10,3,2,9.83137392998
10240,20,big,10,3,3,9.87106204033
10240,20,big,10,3,4,9.76547122002
10240,20,big,10,3,5,9.88808488846
10240,20,big,10,3,6,9.84132599831
10240,20,big,10,3,7,9.9795358181
10240,20,big,10,3,8,9.88391399384
10240,20,big,10,3,9,10.03018713
10240,20,big,25,3,1,9.78965997696
10240,20,big,25,3,2,10.4492712021
10240,20,big,25,3,3,9.81817603111
10240,20,big,25,3,4,11.4249150753
10240,20,big,25,3,5,10.0739359856
10240,20,big,25,3,6,9.89765405655
10240,20,big,25,3,7,10.0706510544
10240,20,big,25,3,8,10.0280549526
10240,20,big,25,3,9,10.1365630627
10240,20,big,50,3,1,9.8747959137
10240,20,big,50,3,2,9.92128396034
10240,20,big,50,3,3,9.91934394836
10240,20,big,50,3,4,9.84837293625
10240,20,big,50,3,5,9.84570097923
10240,20,big,50,3,6,10.1215128899
10240,20,big,50,3,7,9.90391993523
10240,20,big,50,3,8,9.88895606995
10240,20,big,50,3,9,9.80478096008
10240,20,big,75,3,1,9.93657779694
10240,20,big,75,3,2,10.0648140907
10240,20,big,75,3,3,10.0828588009
10240,20,big,75,3,4,9.96008992195
10240,20,big,75,3,5,9.83553385735
10240,20,big,75,3,6,9.97982287407
10240,20,big,75,3,7,9.93134999275
10240,20,big,75,3,8,9.90392303467
10240,20,big,75,3,9,10.0149440765
10240,20,big,100,3,1,9.95075297356
10240,20,big,100,3,2,9.9876139164
10240,20,big,100,3,3,10.1534130573
10240,20,big,100,3,4,11.4437119961
10240,20,big,100,3,5,9.90608811378
10240,20,big,100,3,6,10.1450641155
10240,20,big,100,3,7,10.0632679462
10240,20,big,100,3,8,10.0209748745
10240,20,big,100,3,9,11.3967080116
10240,20,big,200,3,1,10.0589761734
10240,20,big,200,3,2,10.0241310596
10240,20,big,200,3,3,9.82350587845
10240,20,big,200,3,4,9.92402887344
10240,20,big,200,3,5,10.0402669907
10240,20,big,200,3,6,9.87358689308
10240,20,big,200,3,7,9.8904979229
10240,20,big,200,3,8,10.0573627949
10240,20,big,200,3,9,9.94919705391
10240,20,big,400,3,1,10.0740578175
10240,20,big,400,3,2,10.449641943
10240,20,big,400,3,3,9.94429993629
10240,20,big,400,3,4,9.86784791946
10240,20,big,400,3,5,11.6389977932
10240,20,big,400,3,6,9.91254496574
10240,20,big,400,3,7,9.81596398354
10240,20,big,400,3,8,9.82835102081
10240,20,big,400,3,9,9.93455696106
10240,30,big,4,3,1,10.1056489944
10240,30,big,4,3,2,10.342523098
10240,30,big,4,3,3,10.1499929428
10240,30,big,4,3,4,10.1095671654
10240,30,big,4,3,5,10.0841419697
10240,30,big,4,3,6,10.0966570377
10240,30,big,4,3,7,10.3182139397
10240,30,big,4,3,8,10.1049480438
10240,30,big,4,3,9,10.1396241188
10240,30,big,10,3,1,10.6039049625
10240,30,big,10,3,2,10.4523642063
10240,30,big,10,3,3,10.2663428783
10240,30,big,10,3,4,10.1757171154
10240,30,big,10,3,5,10.1622378826
10240,30,big,10,3,6,10.275290966
10240,30,big,10,3,7,10.0658109188
10240,30,big,10,3,8,10.1591470242
10240,30,big,10,3,9,10.1461839676
10240,30,big,25,3,1,10.7329170704
10240,30,big,25,3,2,10.8496899605
10240,30,big,25,3,3,10.4119980335
10240,30,big,25,3,4,10.5883820057
10240,30,big,25,3,5,10.8704750538
10240,30,big,25,3,6,10.5313498974
10240,30,big,25,3,7,10.9257118702
10240,30,big,25,3,8,11.4196391106
10240,30,big,25,3,9,10.678524971
10240,30,big,50,3,1,10.8935101032
10240,30,big,50,3,2,11.2138168812
10240,30,big,50,3,3,10.9099462032
10240,30,big,50,3,4,10.665612936
10240,30,big,50,3,5,10.8984079361
10240,30,big,50,3,6,11.248664856
10240,30,big,50,3,7,10.5643689632
10240,30,big,50,3,8,11.5433189869
10240,30,big,50,3,9,10.7785811424
10240,30,big,75,3,1,11.000590086
10240,30,big,75,3,2,11.8620738983
10240,30,big,75,3,3,10.5736608505
10240,30,big,75,3,4,10.6698570251
10240,30,big,75,3,5,10.8511440754
10240,30,big,75,3,6,10.5909948349
10240,30,big,75,3,7,11.7225379944
10240,30,big,75,3,8,13.2260689735
10240,30,big,75,3,9,11.2905228138
10240,30,big,100,3,1,11.4780058861
10240,30,big,100,3,2,10.962980032
10240,30,big,100,3,3,11.0875468254
10240,30,big,100,3,4,11.0473980904
10240,30,big,100,3,5,10.6164488792
10240,30,big,100,3,6,10.9536941051
10240,30,big,100,3,7,11.188380003
10240,30,big,100,3,8,11.0009429455
10240,30,big,100,3,9,11.1719040871
10240,30,big,200,3,1,11.370675087
10240,30,big,200,3,2,11.1450238228
10240,30,big,200,3,3,11.1792030334
10240,30,big,200,3,4,11.2017168999
10240,30,big,200,3,5,11.4552750587
10240,30,big,200,3,6,10.8590710163
10240,30,big,200,3,7,10.7404520512
10240,30,big,200,3,8,11.185739994
10240,30,big,200,3,9,10.6538209915
10240,30,big,400,3,1,11.0429158211
10240,30,big,400,3,2,10.9414918423
10240,30,big,400,3,3,10.9501769543
10240,30,big,400,3,4,11.0830419064
10240,30,big,400,3,5,11.1134700775
10240,30,big,400,3,6,10.5866320133
10240,30,big,400,3,7,10.6263129711
10240,30,big,400,3,8,10.8792350292
10240,30,big,400,3,9,10.5755708218
10240,40,big,4,3,1,11.2723710537
10240,40,big,4,3,2,11.2602770329
10240,40,big,4,3,3,11.2285950184
10240,40,big,4,3,4,11.3595337868
10240,40,big,4,3,5,11.3048579693
10240,40,big,4,3,6,11.3095240593
10240,40,big,4,3,7,11.4139399529
10240,40,big,4,3,8,11.283769846
10240,40,big,4,3,9,13.9490380287
10240,40,big,10,3,1,11.5646941662
10240,40,big,10,3,2,11.8435370922
10240,40,big,10,3,3,11.3995468616
10240,40,big,10,3,4,11.5732839108
10240,40,big,10,3,5,11.557019949
10240,40,big,10,3,6,11.8103299141
10240,40,big,10,3,7,11.4392418861
10240,40,big,10,3,8,11.3963577747
10240,40,big,10,3,9,11.3354001045
10240,40,big,25,3,1,14.6636629105
10240,40,big,25,3,2,11.9026432037
10240,40,big,25,3,3,12.0152239799
10240,40,big,25,3,4,11.7095599174
10240,40,big,25,3,5,11.8565402031
10240,40,big,25,3,6,11.9063010216
10240,40,big,25,3,7,11.7931678295
10240,40,big,25,3,8,11.7061779499
10240,40,big,25,3,9,12.1428790092
10240,40,big,50,3,1,12.1096000671
10240,40,big,50,3,2,19.5499289036
10240,40,big,50,3,3,12.3524959087
10240,40,big,50,3,4,12.2476949692
10240,40,big,50,3,5,12.1891689301
10240,40,big,50,3,6,12.1453208923
10240,40,big,50,3,7,12.5045759678
10240,40,big,50,3,8,12.1961629391
10240,40,big,50,3,9,12.5798120499
10240,40,big,75,3,1,12.3562629223
10240,40,big,75,3,2,12.7134609222
10240,40,big,75,3,3,12.320950985
10240,40,big,75,3,4,12.194945097
10240,40,big,75,3,5,12.1880609989
10240,40,big,75,3,6,12.4969000816
10240,40,big,75,3,7,12.3669810295
10240,40,big,75,3,8,12.2073459625
10240,40,big,75,3,9,12.548913002
10240,40,big,100,3,1,12.1992311478
10240,40,big,100,3,2,12.1191308498
10240,40,big,100,3,3,12.2422909737
10240,40,big,100,3,4,12.5847558975
10240,40,big,100,3,5,12.3798520565
10240,40,big,100,3,6,12.1268339157
10240,40,big,100,3,7,12.4223921299
10240,40,big,100,3,8,12.3363618851
10240,40,big,100,3,9,12.1265618801
10240,40,big,200,3,1,12.0812458992
10240,40,big,200,3,2,12.2435908318
10240,40,big,200,3,3,12.2547590733
10240,40,big,200,3,4,12.3711309433
10240,40,big,200,3,5,12.0535650253
10240,40,big,200,3,6,12.2270491123
10240,40,big,200,3,7,12.5577609539
10240,40,big,200,3,8,11.9515738487
10240,40,big,200,3,9,12.4801449776
10240,40,big,400,3,1,12.553965807
10240,40,big,400,3,2,12.2630119324
10240,40,big,400,3,3,12.2489249706
10240,40,big,400,3,4,12.426913023
10240,40,big,400,3,5,12.2526299953
10240,40,big,400,3,6,12.2292969227
10240,40,big,400,3,7,12.8107829094
10240,40,big,400,3,8,12.9257071018
10240,40,big,400,3,9,12.1130270958
10240,50,big,4,3,1,12.4733419418
10240,50,big,4,3,2,12.4074780941
10240,50,big,4,3,3,13.1515579224
10240,50,big,4,3,4,21.2636020184
10240,50,big,4,3,5,12.4088079929
10240,50,big,4,3,6,15.9788370132
10240,50,big,4,3,7,13.0659940243
10240,50,big,4,3,8,16.5077311993
10240,50,big,4,3,9,12.3515300751
10240,50,big,10,3,1,12.5092680454
10240,50,big,10,3,2,12.5708620548
10240,50,big,10,3,3,12.8537831306
10240,50,big,10,3,4,13.3645689487
10240,50,big,10,3,5,13.326613903
10240,50,big,10,3,6,13.3847160339
10240,50,big,10,3,7,16.0777618885
10240,50,big,10,3,8,13.3605139256
10240,50,big,10,3,9,12.6576690674
10240,50,big,25,3,1,13.8749039173
10240,50,big,25,3,2,13.426612854
10240,50,big,25,3,3,13.2514009476
10240,50,big,25,3,4,13.1014230251
10240,50,big,25,3,5,14.020950079
10240,50,big,25,3,6,13.8018000126
10240,50,big,25,3,7,13.986497879
10240,50,big,25,3,8,13.0201439857
10240,50,big,25,3,9,13.1184620857
10240,50,big,50,3,1,13.4981598854
10240,50,big,50,3,2,13.4959490299
10240,50,big,50,3,3,13.4009788036
10240,50,big,50,3,4,13.3286762238
10240,50,big,50,3,5,14.3578429222
10240,50,big,50,3,6,13.4848530293
10240,50,big,50,3,7,14.2805650234
10240,50,big,50,3,8,13.4440629482
10240,50,big,50,3,9,13.7875909805
10240,50,big,75,3,1,13.5686841011
10240,50,big,75,3,2,13.6143600941
10240,50,big,75,3,3,13.5548770428
10240,50,big,75,3,4,17.6325139999
10240,50,big,75,3,5,13.4526360035
10240,50,big,75,3,6,13.6111190319
10240,50,big,75,3,7,13.7525320053
10240,50,big,75,3,8,13.5047650337
10240,50,big,75,3,9,13.5003478527
10240,50,big,100,3,1,17.0563659668
10240,50,big,100,3,2,14.3671419621
10240,50,big,100,3,3,13.4535958767
10240,50,big,100,3,4,13.8799049854
10240,50,big,100,3,5,14.4446821213
10240,50,big,100,3,6,13.5104269981
10240,50,big,100,3,7,13.4629938602
10240,50,big,100,3,8,13.4398767948
10240,50,big,100,3,9,13.6479139328
10240,50,big,200,3,1,14.4877460003
10240,50,big,200,3,2,14.4218928814
10240,50,big,200,3,3,13.8980219364
10240,50,big,200,3,4,13.4628071785
10240,50,big,200,3,5,13.4839019775
10240,50,big,200,3,6,13.7321388721
10240,50,big,200,3,7,13.7275578976
10240,50,big,200,3,8,13.6962141991
10240,50,big,200,3,9,13.5837850571
10240,50,big,400,3,1,13.9387550354
10240,50,big,400,3,2,14.3738129139
10240,50,big,400,3,3,14.4399459362
10240,50,big,400,3,4,18.0043888092
10240,50,big,400,3,5,13.4543700218
10240,50,big,400,3,6,13.5383009911
10240,50,big,400,3,7,13.6567230225
10240,50,big,400,3,8,13.6014339924
10240,50,big,400,3,9,13.3276329041
10240,60,big,4,3,1,14.1351959705
10240,60,big,4,3,2,14.4406430721
10240,60,big,4,3,3,17.9453949928
10240,60,big,4,3,4,14.5626831055
10240,60,big,4,3,5,18.1305270195
10240,60,big,4,3,6,14.6696579456
10240,60,big,4,3,7,14.3198068142
10240,60,big,4,3,8,14.6938009262
10240,60,big,4,3,9,14.3430941105
10240,60,big,10,3,1,14.5306019783
10240,60,big,10,3,2,15.0124211311
10240,60,big,10,3,3,14.5073270798
10240,60,big,10,3,4,14.5786919594
10240,60,big,10,3,5,14.959348917
10240,60,big,10,3,6,14.9724011421
10240,60,big,10,3,7,14.6361598969
10240,60,big,10,3,8,14.5123591423
10240,60,big,10,3,9,14.4683959484
10240,60,big,25,3,1,15.7182469368
10240,60,big,25,3,2,15.0655720234
10240,60,big,25,3,3,15.0346598625
10240,60,big,25,3,4,15.8269701004
10240,60,big,25,3,5,15.9232039452
10240,60,big,25,3,6,15.9171271324
10240,60,big,25,3,7,15.4966490269
10240,60,big,25,3,8,15.6657040119
10240,60,big,25,3,9,15.6238498688
10240,60,big,50,3,1,16.194024086
10240,60,big,50,3,2,16.2863321304
10240,60,big,50,3,3,16.2423191071
10240,60,big,50,3,4,15.2317810059
10240,60,big,50,3,5,15.5641269684
10240,60,big,50,3,6,15.8259761333
10240,60,big,50,3,7,15.3132100105
10240,60,big,50,3,8,15.9476799965
10240,60,big,50,3,9,15.2973630428
10240,60,big,75,3,1,16.0517301559
10240,60,big,75,3,2,20.020075798
10240,60,big,75,3,3,15.3845748901
10240,60,big,75,3,4,16.2818830013
10240,60,big,75,3,5,16.487347126
10240,60,big,75,3,6,15.2754600048
10240,60,big,75,3,7,16.1547298431
10240,60,big,75,3,8,15.8578081131
10240,60,big,75,3,9,16.5538990498
10240,60,big,100,3,1,16.291105032
10240,60,big,100,3,2,16.007789135
10240,60,big,100,3,3,15.4194729328
10240,60,big,100,3,4,15.8507559299
10240,60,big,100,3,5,15.9164760113
10240,60,big,100,3,6,15.5557291508
10240,60,big,100,3,7,15.1862170696
10240,60,big,100,3,8,15.423956871
10240,60,big,100,3,9,15.427036047
10240,60,big,200,3,1,20.1806240082
10240,60,big,200,3,2,15.3180420399
10240,60,big,200,3,3,15.7834439278
10240,60,big,200,3,4,15.1967761517
10240,60,big,200,3,5,16.2932341099
10240,60,big,200,3,6,16.0544729233
10240,60,big,200,3,7,15.5629649162
10240,60,big,200,3,8,15.9506340027
10240,60,big,200,3,9,16.3608620167
10240,60,big,400,3,1,15.3746740818
10240,60,big,400,3,2,15.7766909599
10240,60,big,400,3,3,16.3672459126
10240,60,big,400,3,4,15.7055361271
10240,60,big,400,3,5,16.2776429653
10240,60,big,400,3,6,18.7096219063
10240,60,big,400,3,7,15.4501678944
10240,60,big,400,3,8,20.0452649593
10240,60,big,400,3,9,18.8072578907
10240,70,big,4,3,1,16.2839150429
10240,70,big,4,3,2,16.3835878372
10240,70,big,4,3,3,16.2687990665
10240,70,big,4,3,4,21.6536428928
10240,70,big,4,3,5,20.1875619888
10240,70,big,4,3,6,16.8086550236
10240,70,big,4,3,7,16.512004137
10240,70,big,4,3,8,26.343611002
10240,70,big,4,3,9,16.2463080883
10240,70,big,10,3,1,16.533105135
10240,70,big,10,3,2,21.542057991
10240,70,big,10,3,3,16.4787828922
10240,70,big,10,3,4,16.5030200481
10240,70,big,10,3,5,16.3576350212
10240,70,big,10,3,6,16.7386848927
10240,70,big,10,3,7,16.5771870613
10240,70,big,10,3,8,16.7305538654
10240,70,big,10,3,9,16.4769580364
10240,70,big,25,3,1,17.029613018
10240,70,big,25,3,2,17.1077408791
10240,70,big,25,3,3,17.0895321369
10240,70,big,25,3,4,17.192332983
10240,70,big,25,3,5,17.2716810703
10240,70,big,25,3,6,17.1272940636
10240,70,big,25,3,7,22.5215799809
10240,70,big,25,3,8,17.295249939
10240,70,big,25,3,9,17.1458010674
10240,70,big,50,3,1,18.2491629124
10240,70,big,50,3,2,17.4218051434
10240,70,big,50,3,3,17.9805390835
10240,70,big,50,3,4,17.6698970795
10240,70,big,50,3,5,17.7551119328
10240,70,big,50,3,6,18.167910099
10240,70,big,50,3,7,17.6633379459
10240,70,big,50,3,8,17.4535050392
10240,70,big,50,3,9,17.5096011162
10240,70,big,75,3,1,18.2169640064
10240,70,big,75,3,2,18.3032329082
10240,70,big,75,3,3,17.2624468803
10240,70,big,75,3,4,18.1795940399
10240,70,big,75,3,5,17.9847540855
10240,70,big,75,3,6,22.680341959
10240,70,big,75,3,7,17.9705331326
10240,70,big,75,3,8,17.3803939819
10240,70,big,75,3,9,17.3015139103
10240,70,big,100,3,1,18.208272934
10240,70,big,100,3,2,17.93638587
10240,70,big,100,3,3,17.409870863
10240,70,big,100,3,4,17.8899190426
10240,70,big,100,3,5,17.5841290951
10240,70,big,100,3,6,17.7311811447
10240,70,big,100,3,7,18.2046830654
10240,70,big,100,3,8,17.8010840416
10240,70,big,100,3,9,22.5930049419
10240,70,big,200,3,1,17.3411390781
10240,70,big,200,3,2,18.2831790447
10240,70,big,200,3,3,19.4804940224
10240,70,big,200,3,4,17.2613229752
10240,70,big,200,3,5,17.7677359581
10240,70,big,200,3,6,17.7927858829
10240,70,big,200,3,7,17.3078408241
10240,70,big,200,3,8,17.6733870506
10240,70,big,200,3,9,17.3267569542
10240,70,big,400,3,1,18.1465280056
10240,70,big,400,3,2,18.0959877968
10240,70,big,400,3,3,18.2328429222
10240,70,big,400,3,4,17.3644108772
10240,70,big,400,3,5,17.3224160671
10240,70,big,400,3,6,18.0886600018
10240,70,big,400,3,7,17.3974649906
10240,70,big,400,3,8,17.4020760059
10240,70,big,400,3,9,20.0103881359
10240,80,big,4,3,1,18.3702740669
10240,80,big,4,3,2,23.6652870178
10240,80,big,4,3,3,18.5944240093
10240,80,big,4,3,4,22.466381073
10240,80,big,4,3,5,18.6835811138
10240,80,big,4,3,6,18.3112950325
10240,80,big,4,3,7,18.3964159489
10240,80,big,4,3,8,18.4242069721
10240,80,big,4,3,9,21.833245039
10240,80,big,10,3,1,18.4751660824
10240,80,big,10,3,2,18.577149868
10240,80,big,10,3,3,18.8027861118
10240,80,big,10,3,4,18.6211998463
10240,80,big,10,3,5,18.7553229332
10240,80,big,10,3,6,18.8036491871
10240,80,big,10,3,7,18.5878279209
10240,80,big,10,3,8,18.5439209938
10240,80,big,10,3,9,18.6613371372
10240,80,big,25,3,1,19.3595290184
10240,80,big,25,3,2,24.5888059139
10240,80,big,25,3,3,19.2292737961
10240,80,big,25,3,4,19.6583001614
10240,80,big,25,3,5,19.2509579659
10240,80,big,25,3,6,22.6172521114
10240,80,big,25,3,7,24.8376810551
10240,80,big,25,3,8,18.8926079273
10240,80,big,25,3,9,18.9370079041
10240,80,big,50,3,1,25.1470918655
10240,80,big,50,3,2,19.5563428402
10240,80,big,50,3,3,19.6878948212
10240,80,big,50,3,4,19.3629689217
10240,80,big,50,3,5,19.7829899788
10240,80,big,50,3,6,20.1228570938
10240,80,big,50,3,7,19.6493229866
10240,80,big,50,3,8,19.5836400986
10240,80,big,50,3,9,19.3189418316
10240,80,big,75,3,1,19.6649849415
10240,80,big,75,3,2,19.4875199795
10240,80,big,75,3,3,19.3806040287
10240,80,big,75,3,4,19.7663829327
10240,80,big,75,3,5,20.1105120182
10240,80,big,75,3,6,19.5342268944
10240,80,big,75,3,7,19.5245900154
10240,80,big,75,3,8,20.0265860558
10240,80,big,75,3,9,19.5140829086
10240,80,big,100,3,1,19.9715578556
10240,80,big,100,3,2,19.7577278614
10240,80,big,100,3,3,19.6000220776
10240,80,big,100,3,4,20.0195410252
10240,80,big,100,3,5,19.9009230137
10240,80,big,100,3,6,19.5417330265
10240,80,big,100,3,7,20.1605899334
10240,80,big,100,3,8,20.0698390007
10240,80,big,100,3,9,19.7276949883
10240,80,big,200,3,1,19.2318880558
10240,80,big,200,3,2,19.4552021027
10240,80,big,200,3,3,19.4624009132
10240,80,big,200,3,4,19.6744990349
10240,80,big,200,3,5,19.9126310349
10240,80,big,200,3,6,19.4260261059
10240,80,big,200,3,7,24.8622322083
10240,80,big,200,3,8,23.3976790905
10240,80,big,200,3,9,19.5070309639
10240,80,big,400,3,1,19.6394600868
10240,80,big,400,3,2,19.8800590038
10240,80,big,400,3,3,19.6384749413
10240,80,big,400,3,4,19.6554729939
10240,80,big,400,3,5,19.4891569614
10240,80,big,400,3,6,19.5309169292
10240,80,big,400,3,7,19.4124591351
10240,80,big,400,3,8,20.0609710217
10240,80,big,400,3,9,19.6604158878
10240,90,big,4,3,1,20.5189518929
10240,90,big,4,3,2,20.7689890862
10240,90,big,4,3,3,20.7829730511
10240,90,big,4,3,4,20.3741350174
10240,90,big,4,3,5,20.5726459026
10240,90,big,4,3,6,26.2180550098
10240,90,big,4,3,7,20.403015852
10240,90,big,4,3,8,26.7934370041
10240,90,big,4,3,9,24.3588681221
10240,90,big,10,3,1,20.6246140003
10240,90,big,10,3,2,20.6562960148
10240,90,big,10,3,3,20.9673168659
10240,90,big,10,3,4,20.6841030121
10240,90,big,10,3,5,20.4781110287
10240,90,big,10,3,6,21.0283000469
10240,90,big,10,3,7,20.9134800434
10240,90,big,10,3,8,20.7801601887
10240,90,big,10,3,9,26.3430318832
10240,90,big,25,3,1,20.8887820244
10240,90,big,25,3,2,21.5256819725
10240,90,big,25,3,3,21.5347878933
10240,90,big,25,3,4,21.359128952
10240,90,big,25,3,5,21.5104899406
10240,90,big,25,3,6,20.8813431263
10240,90,big,25,3,7,21.3715279102
10240,90,big,25,3,8,20.962690115
10240,90,big,25,3,9,21.2650010586
10240,90,big,50,3,1,22.177467823
10240,90,big,50,3,2,21.6537981033
10240,90,big,50,3,3,21.4644498825
10240,90,big,50,3,4,21.3175599575
10240,90,big,50,3,5,21.4402151108
10240,90,big,50,3,6,21.8287799358
10240,90,big,50,3,7,22.0293519497
10240,90,big,50,3,8,21.3307511806
10240,90,big,50,3,9,22.084179163
10240,90,big,75,3,1,22.2210569382
10240,90,big,75,3,2,21.9851498604
10240,90,big,75,3,3,29.4044041634
10240,90,big,75,3,4,21.7427799702
10240,90,big,75,3,5,21.2411279678
10240,90,big,75,3,6,21.4647710323
10240,90,big,75,3,7,21.980877161
10240,90,big,75,3,8,22.0716838837
10240,90,big,75,3,9,21.576613903
10240,90,big,100,3,1,21.6888468266
10240,90,big,100,3,2,26.4717969894
10240,90,big,100,3,3,21.7262439728
10240,90,big,100,3,4,22.2056350708
10240,90,big,100,3,5,21.3307890892
10240,90,big,100,3,6,21.227905035
10240,90,big,100,3,7,21.4326570034
10240,90,big,100,3,8,21.7224590778
10240,90,big,100,3,9,22.0448191166
10240,90,big,200,3,1,21.9260790348
10240,90,big,200,3,2,21.4713170528
10240,90,big,200,3,3,21.5726571083
10240,90,big,200,3,4,21.838176012
10240,90,big,200,3,5,26.5958690643
10240,90,big,200,3,6,21.7525920868
10240,90,big,200,3,7,21.1968588829
10240,90,big,200,3,8,21.5137889385
10240,90,big,200,3,9,21.2527959347
10240,90,big,400,3,1,22.1320228577
10240,90,big,400,3,2,21.8144521713
10240,90,big,400,3,3,21.3344099522
10240,90,big,400,3,4,27.2762200832
10240,90,big,400,3,5,22.1121220589
10240,90,big,400,3,6,21.8317909241
10240,90,big,400,3,7,21.7302110195
10240,90,big,400,3,8,22.0014569759
10240,90,big,400,3,9,21.3270409107
10240,100,big,4,3,1,22.442497015
10240,100,big,4,3,2,22.6429121494
10240,100,big,4,3,3,22.4122638702
10240,100,big,4,3,4,26.463946104
10240,100,big,4,3,5,22.5518019199
10240,100,big,4,3,6,22.4331269264
10240,100,big,4,3,7,22.6938529015
10240,100,big,4,3,8,36.1304249763
10240,100,big,4,3,9,22.5310428143
10240,100,big,10,3,1,22.7432701588
10240,100,big,10,3,2,22.7241668701
10240,100,big,10,3,3,23.004655838
10240,100,big,10,3,4,22.8692998886
10240,100,big,10,3,5,22.443956852
10240,100,big,10,3,6,22.7592849731
10240,100,big,10,3,7,22.607681036
10240,100,big,10,3,8,29.0993850231
10240,100,big,10,3,9,23.3081920147
10240,100,big,25,3,1,23.2856838703
10240,100,big,25,3,2,23.5229260921
10240,100,big,25,3,3,23.5030441284
10240,100,big,25,3,4,23.2992219925
10240,100,big,25,3,5,23.5475540161
10240,100,big,25,3,6,23.4193041325
10240,100,big,25,3,7,23.5126340389
10240,100,big,25,3,8,27.8409738541
10240,100,big,25,3,9,23.2448129654
10240,100,big,50,3,1,37.151569128
10240,100,big,50,3,2,23.9584531784
10240,100,big,50,3,3,23.8683731556
10240,100,big,50,3,4,24.4043598175
10240,100,big,50,3,5,24.0678489208
10240,100,big,50,3,6,23.9060909748
10240,100,big,50,3,7,24.0370550156
10240,100,big,50,3,8,24.2379698753
10240,100,big,50,3,9,24.2717039585
10240,100,big,75,3,1,24.8019680977
10240,100,big,75,3,2,23.4924468994
10240,100,big,75,3,3,24.1013259888
10240,100,big,75,3,4,24.6470220089
10240,100,big,75,3,5,23.7349591255
10240,100,big,75,3,6,23.9303240776
10240,100,big,75,3,7,23.8584070206
10240,100,big,75,3,8,23.5244970322
10240,100,big,75,3,9,23.90447402
10240,100,big,100,3,1,23.7114598751
10240,100,big,100,3,2,23.3490078449
10240,100,big,100,3,3,23.6878600121
10240,100,big,100,3,4,23.5788559914
10240,100,big,100,3,5,23.5950670242
10240,100,big,100,3,6,24.7465419769
10240,100,big,100,3,7,23.8970580101
10240,100,big,100,3,8,24.3603210449
10240,100,big,100,3,9,24.3580241203
10240,100,big,200,3,1,23.9822049141
10240,100,big,200,3,2,23.7967410088
10240,100,big,200,3,3,24.3199238777
10240,100,big,200,3,4,23.6027519703
10240,100,big,200,3,5,23.9115278721
10240,100,big,200,3,6,29.220749855
10240,100,big,200,3,7,24.1758589745
10240,100,big,200,3,8,24.2989640236
10240,100,big,200,3,9,23.7547848225
10240,100,big,400,3,1,24.196641922
10240,100,big,400,3,2,23.8986010551
10240,100,big,400,3,3,23.3732120991
10240,100,big,400,3,4,23.7540500164
10240,100,big,400,3,5,23.7915380001
10240,100,big,400,3,6,24.6817028522
10240,100,big,400,3,7,23.5702300072
10240,100,big,400,3,8,24.4627380371
10240,100,big,400,3,9,24.0517799854
10240,200,big,4,3,1,42.5897960663
10240,200,big,4,3,2,43.0728168488
10240,200,big,4,3,3,42.9512681961
10240,200,big,4,3,4,43.8112459183
10240,200,big,4,3,5,43.3477830887
10240,200,big,4,3,6,48.3436369896
10240,200,big,4,3,7,42.8283228874
10240,200,big,4,3,8,43.0171720982
10240,200,big,4,3,9,43.1337468624
10240,200,big,10,3,1,44.248926878
10240,200,big,10,3,2,42.9644129276
10240,200,big,10,3,3,43.7711529732
10240,200,big,10,3,4,47.9383978844
10240,200,big,10,3,5,43.3430159092
10240,200,big,10,3,6,43.6209590435
10240,200,big,10,3,7,43.5230979919
10240,200,big,10,3,8,42.7992188931
10240,200,big,10,3,9,42.7206149101
10240,200,big,25,3,1,45.4737129211
10240,200,big,25,3,2,44.0826170444
10240,200,big,25,3,3,43.7831499577
10240,200,big,25,3,4,44.3407280445
10240,200,big,25,3,5,43.3911058903
10240,200,big,25,3,6,44.1019468307
10240,200,big,25,3,7,44.320734024
10240,200,big,25,3,8,44.3937299252
10240,200,big,25,3,9,43.463588953
10240,200,big,50,3,1,44.6905469894
10240,200,big,50,3,2,47.1008758545
10240,200,big,50,3,3,44.105080843
10240,200,big,50,3,4,44.7460370064
10240,200,big,50,3,5,44.0843172073
10240,200,big,50,3,6,44.3463931084
10240,200,big,50,3,7,48.0488820076
10240,200,big,50,3,8,44.7590692043
10240,200,big,50,3,9,44.9587459564
10240,200,big,75,3,1,44.2931718826
10240,200,big,75,3,2,44.0022330284
10240,200,big,75,3,3,45.3264138699
10240,200,big,75,3,4,44.2345759869
10240,200,big,75,3,5,44.8806750774
10240,200,big,75,3,6,45.3250079155
10240,200,big,75,3,7,44.800773859
10240,200,big,75,3,8,44.3219330311
10240,200,big,75,3,9,44.5948560238
10240,200,big,100,3,1,44.3781130314
10240,200,big,100,3,2,44.1688289642
10240,200,big,100,3,3,44.6080520153
10240,200,big,100,3,4,44.0141949654
10240,200,big,100,3,5,44.8734500408
10240,200,big,100,3,6,44.7717039585
10240,200,big,100,3,7,48.7321190834
10240,200,big,100,3,8,44.6952459812
10240,200,big,100,3,9,83.131275177
10240,200,big,200,3,1,44.6073348522
10240,200,big,200,3,2,44.5605149269
10240,200,big,200,3,3,45.0548141003
10240,200,big,200,3,4,44.1866748333
10240,200,big,200,3,5,48.0130047798
10240,200,big,200,3,6,44.5440051556
10240,200,big,200,3,7,44.1396770477
10240,200,big,200,3,8,43.6240580082
10240,200,big,200,3,9,44.8350429535
10240,200,big,400,3,1,44.8581860065
10240,200,big,400,3,2,44.8458750248
10240,200,big,400,3,3,44.0428860188
10240,200,big,400,3,4,44.9977259636
10240,200,big,400,3,5,44.6603341103
10240,200,big,400,3,6,44.1781280041
10240,200,big,400,3,7,44.3970460892
10240,200,big,400,3,8,44.5636429787
10240,200,big,400,3,9,44.8008520603
10240,300,big,4,3,1,63.6886110306
10240,300,big,4,3,2,68.4606628418
10240,300,big,4,3,3,63.9962339401
10240,300,big,4,3,4,63.6003830433
10240,300,big,4,3,5,63.3715319633
10240,300,big,4,3,6,63.0236442089
10240,300,big,4,3,7,63.6344261169
10240,300,big,4,3,8,63.59252882
10240,300,big,4,3,9,68.1821780205
10240,300,big,10,3,1,63.9148387909
10240,300,big,10,3,2,64.1179461479
10240,300,big,10,3,3,63.3228759766
10240,300,big,10,3,4,69.0287439823
10240,300,big,10,3,5,63.4492578506
10240,300,big,10,3,6,63.562048912
10240,300,big,10,3,7,85.0330629349
10240,300,big,10,3,8,69.2397150993
10240,300,big,10,3,9,64.0358221531
10240,300,big,25,3,1,64.5389699936
10240,300,big,25,3,2,64.319934845
10240,300,big,25,3,3,64.6958758831
10240,300,big,25,3,4,64.9133081436
10240,300,big,25,3,5,64.4315741062
10240,300,big,25,3,6,64.608590126
10240,300,big,25,3,7,64.7901899815
10240,300,big,25,3,8,64.163421154
10240,300,big,25,3,9,64.7597219944
10240,300,big,50,3,1,65.5370190144
10240,300,big,50,3,2,65.6390929222
10240,300,big,50,3,3,65.1674289703
10240,300,big,50,3,4,65.0146081448
10240,300,big,50,3,5,65.3512539864
10240,300,big,50,3,6,64.7420790195
10240,300,big,50,3,7,65.3488061428
10240,300,big,50,3,8,86.4308719635
10240,300,big,50,3,9,65.0419211388
10240,300,big,75,3,1,65.0210399628
10240,300,big,75,3,2,65.3391468525
10240,300,big,75,3,3,64.6655640602
10240,300,big,75,3,4,64.9471831322
10240,300,big,75,3,5,65.4440979958
10240,300,big,75,3,6,71.9476699829
10240,300,big,75,3,7,65.5984129906
10240,300,big,75,3,8,65.2275981903
10240,300,big,75,3,9,65.1197061539
10240,300,big,100,3,1,65.0179021358
10240,300,big,100,3,2,64.9030752182
10240,300,big,100,3,3,65.8435769081
10240,300,big,100,3,4,64.9624340534
10240,300,big,100,3,5,65.277256012
10240,300,big,100,3,6,65.6139671803
10240,300,big,100,3,7,64.5123810768
10240,300,big,100,3,8,65.8699820042
10240,300,big,100,3,9,65.1575548649
10240,300,big,200,3,1,64.8288450241
10240,300,big,200,3,2,64.653316021
10240,300,big,200,3,3,65.2375278473
10240,300,big,200,3,4,69.0816431046
10240,300,big,200,3,5,65.7593739033
10240,300,big,200,3,6,64.6494419575
10240,300,big,200,3,7,65.00476408
10240,300,big,200,3,8,65.5527858734
10240,300,big,200,3,9,65.2318849564
10240,300,big,400,3,1,64.94135499
10240,300,big,400,3,2,85.7311651707
10240,300,big,400,3,3,64.9602539539
10240,300,big,400,3,4,69.2511379719
10240,300,big,400,3,5,65.420153141
10240,300,big,400,3,6,65.346807003
10240,300,big,400,3,7,64.64625597
10240,300,big,400,3,8,64.9808561802
10240,300,big,400,3,9,64.5803370476
10240,400,big,4,3,1,155.199826002
10240,400,big,4,3,2,138.350306988
10240,400,big,4,3,3,152.444513083
10240,400,big,4,3,4,153.908854008
10240,400,big,4,3,5,130.911499023
10240,400,big,4,3,6,154.884457827
10240,400,big,4,3,7,132.921043873
10240,400,big,4,3,8,112.214280844
10240,400,big,4,3,9,163.731495857
10240,400,big,10,3,1,154.77336812
10240,400,big,10,3,2,84.148017168
10240,400,big,10,3,3,113.145459175
10240,400,big,10,3,4,151.838207006
10240,400,big,10,3,5,127.547627926
10240,400,big,10,3,6,156.258511066
10240,400,big,10,3,7,129.406126976
10240,400,big,10,3,8,140.172169924
10240,400,big,10,3,9,163.784384966
10240,400,big,25,3,1,137.037025928
10240,400,big,25,3,2,126.188243151
10240,400,big,25,3,3,127.602221966
10240,400,big,25,3,4,151.799751997
10240,400,big,25,3,5,109.808633804
10240,400,big,25,3,6,165.040789127
10240,400,big,25,3,7,125.510259867
10240,400,big,25,3,8,170.688333035
10240,400,big,25,3,9,111.66072011
10240,400,big,50,3,1,129.308022976
10240,400,big,50,3,2,157.073712111
10240,400,big,50,3,3,115.838413954
10240,400,big,50,3,4,146.451387882
10240,400,big,50,3,5,130.739541054
10240,400,big,50,3,6,137.138003111
10240,400,big,50,3,7,148.448609114
10240,400,big,50,3,8,140.445761919
10240,400,big,50,3,9,148.426165104
10240,400,big,75,3,1,122.661644936
10240,400,big,75,3,2,112.09861207
10240,400,big,75,3,3,165.464219093
10240,400,big,75,3,4,106.297802925
10240,400,big,75,3,5,147.557399988
10240,400,big,75,3,6,151.942498922
10240,400,big,75,3,7,96.137556076
10240,400,big,75,3,8,140.657391071
10240,400,big,75,3,9,154.122208118
10240,400,big,100,3,1,151.698162079
10240,400,big,100,3,2,148.280417204
10240,400,big,100,3,3,163.873804808
10240,400,big,100,3,4,155.551435947
10240,400,big,100,3,5,122.058870077
10240,400,big,100,3,6,165.150373936
10240,400,big,100,3,7,151.253735065
10240,400,big,100,3,8,138.965229034
10240,400,big,100,3,9,164.780986071
10240,400,big,200,3,1,159.407120943
10240,400,big,200,3,2,163.442936897
10240,400,big,200,3,3,153.349810123
10240,400,big,200,3,4,139.274180889
10240,400,big,200,3,5,126.589409113
10240,400,big,200,3,6,142.949956894
10240,400,big,200,3,7,178.851486921
10240,400,big,200,3,8,142.768518925
10240,400,big,200,3,9,140.204673052
10240,400,big,400,3,1,113.945861101
10240,400,big,400,3,2,156.225368023
10240,400,big,400,3,3,141.727175951
10240,400,big,400,3,4,145.404507875
10240,400,big,400,3,5,113.082836151
10240,400,big,400,3,6,115.047177076
10240,400,big,400,3,7,163.157392979
10240,400,big,400,3,8,152.182409048
10240,400,big,400,3,9,146.66971302
10240,500,big,4,3,1,330.971543074
10240,500,big,4,3,2,316.269173145
10240,500,big,4,3,3,331.292627096
10240,500,big,4,3,4,320.604931116
10240,500,big,4,3,5,305.097936869
10240,500,big,4,3,6,346.668241024
10240,500,big,4,3,7,314.06426096
10240,500,big,4,3,8,344.271206856
10240,500,big,4,3,9,355.08711195
10240,500,big,10,3,1,246.458295822
10240,500,big,10,3,2,301.75988102
10240,500,big,10,3,3,285.331889868
10240,500,big,10,3,4,342.926570892
10240,500,big,10,3,5,243.736649036
10240,500,big,10,3,6,361.703043938
10240,500,big,10,3,7,310.065496922
10240,500,big,10,3,8,306.341165066
10240,500,big,10,3,9,308.523951054
10240,500,big,25,3,1,329.414867878
10240,500,big,25,3,2,304.485363007
10240,500,big,25,3,3,326.087278843
10240,500,big,25,3,4,320.782601118
10240,500,big,25,3,5,307.381194115
10240,500,big,25,3,6,349.917093039
10240,500,big,25,3,7,321.539270878
10240,500,big,25,3,8,360.796581984
10240,500,big,25,3,9,325.828139067
10240,500,big,50,3,1,343.084614038
10240,500,big,50,3,2,332.710043907
10240,500,big,50,3,3,358.196934938
10240,500,big,50,3,4,299.326894045
10240,500,big,50,3,5,341.33541894
